<?xml version="1.0" encoding="UTF-8"?>
<project-private xmlns="http://www.netbeans.org/ns/project-private/1">
    <editor-bookmarks xmlns="http://www.netbeans.org/ns/editor-bookmarks/2" lastBookmarkId="0"/>
    <open-files xmlns="http://www.netbeans.org/ns/projectui-open-files/2">
        <group>
            <file>file:/F:/Web/Web/gayan%20sir/23-07-2017/CompanyLeaves/web/js/ajax.js</file>
            <file>file:/F:/Web/Web/gayan%20sir/23-07-2017/CompanyLeaves/src/java/ijse/sun/companyleaves/web/AcceptDepartmentLeave.java</file>
            <file>file:/F:/Web/Web/gayan%20sir/23-07-2017/CompanyLeaves/src/java/ijse/sun/companyleaves/web/LogOutServlet.java</file>
            <file>file:/F:/Web/Web/gayan%20sir/23-07-2017/CompanyLeaves/src/java/ijse/sun/companyleaves/web/PositionServlet.java</file>
            <file>file:/F:/Web/Web/gayan%20sir/23-07-2017/CompanyLeaves/web/js/leave.js</file>
            <file>file:/F:/Web/Web/gayan%20sir/23-07-2017/CompanyLeaves/src/java/ijse/sun/companyleaves/web/SignUpServlet.java</file>
            <file>file:/F:/Web/Web/gayan%20sir/23-07-2017/CompanyLeaves/src/java/ijse/sun/companyleaves/web/AcceptEmployeLeave.java</file>
            <file>file:/F:/Web/Web/gayan%20sir/23-07-2017/CompanyLeaves/web/js/jquery-3.2.1.min.js</file>
            <file>file:/F:/Web/Web/gayan%20sir/23-07-2017/CompanyLeaves/src/java/ijse/sun/companyleaves/web/AddLeaveServlet.java</file>
            <file>file:/F:/Web/Web/gayan%20sir/23-07-2017/CompanyLeaves/src/java/ijse/sun/companyleaves/web/LoginServlet.java</file>
        </group>
    </open-files>
</project-private>
